Input Parameters (Global),,,,Input Parameters - Expected Grip Limits,,,,Rotor Dimensions (Front),,,,INPUT
,Metric,Imperial,,,Metric,Imperial,,Effective Rotor Radius,72.00,2.83,,
Brake Bias (Front),0.562,0.562,,Vehicle + Driver Mass,2668.9,600.0,,Pad Radial Width,33.1,1.30,,DRIVEN
Static Loaded Radius,199.9,7.87,,Wheel Base,1549.4,61.0,,Button Diameter,12.70,0.5,,
Pedal Force,444.8,100.0,,Decel (g),1.57,1.57,,Button-Pad Clearance,3,0.12,,LABEL
Pedal Ratio,3.50,3.50,,CG Height,282.4,11.1,,Pad-OD Clearance,1.5,0.06,,
,,,,CG X,774.7,30.5,,Outer Diameter,180.1,7.091,,OUTPUT
Input Parameters (Front),,,,Downforce,330.0,74.2,,Inner Diameter,92.2,3.630,,
Effective Rotor Radius,72.00,2.83,,CoP X,774.7,30.5,,,,,,
MC Bore Diameter,15.88,0.6250,,,,,,Rotor Dimensions (Rear),,,,
Pad Mu,0.50,0.50,,Static Normal Loads (Per Axle),,,,Effective Rotor Radius,80.00,3.15,,
Piston Diameter,34.00,1.34,,Front,1499.5,337.1,,Pad Radial Width,33.1,1.30,,
Piston Quantity,4.00,4.00,,Rear,1499.5,337.1,,Button Diameter,12.70,0.5,,
,,,,,,,,Button-Pad Clearance,3,0.12,,
Input Parameters (Rear),,,,Front-Rear Load Transfer (Per Axle),,,,Pad-OD Clearance,0.5,0.02,,
Effective Rotor Radius,80.00,3.15,,Pitch Moment,1183521,10475.0,,Outer Diameter,194.1,7.642,,
MC Bore Diameter,15.88,0.6250,,Load Transfer,763.9,171.7,,Inner Diameter,108.2,4.260,,
Pad Mu,0.50,0.50,,Normal Load (Front),2263.3,508.8,,,,,,
Piston Diameter,34.00,1.34,,Normal Load (Rear),735.6,165.4,,,,,,
Piston Quantity,2.00,2.00,,,,,,How to use this sheet:,,,,
,,,,Longitudinal Capability (Per Axle),,,,1. Fill out vehicle inputs in G4:H10,,,,
Outputs (Per Axle),,,,Mu Scaling Factor,0.60,0.60,,2. Fill out brakes inputs in C4:D21,,,,
Caliper Piston Area (Front),3631.7,5.629,,Longitudinal Grip (Front),2914.3,655.2,,3. Change brakes inputs until blue cells meet target values,,,,
Caliper Piston Area (Rear),1815.8,2.815,,Longitudinal Grip (Rear),1266.2,284.7,,,,,,
MC Piston Area (Front),197.9,0.307,,Decel (g),1.57,,,4. Reference J3:L18 for driven rotor dimensions,,,,
MC Piston Area (Rear),197.9,0.307,,,,,,,,,,
Longitudinal Force (Front),2891.2,650.0,,% To Locking @ Input Force,,,,Targets:,,,,
Longitudinal Force (Rear),1251.8,281.4,,Front,99.21%,,,0% Locking Bias (pref @ 50% brake bias),,,,
Pedal Force Gradient,286.6,64.4,,Rear,98.87%,,,60 < Pedal Force Gradient < 70 lbf/g,,,,
,,,,Error (Front Bias),0.35%,,,Ultimate Pressure < Caliper Burst Ratings,,,,
Ultimate Pressure (@ 450lbs),,,,,,,,,,,,
Max Pedal Force,2000.0,449.6,,Caliper tangential force = tire long force * tire radius / rotor radius,,,,,,,,
Line Pressure (Front),19.9,2882.7,,3163.852179,711.2622645,,,,,,,
Line Pressure (Rear),15.5,2246.7,,Newtons,lbf,,,,,,,
