Inputs,,,,,,,,,,,,,,,,,,,,,,,,,,,,,,,
,,,,,,,,,,,,,,,,,,,,,,,,,,,,,,,
,Front Buttons,,,Front Rotor,,,Summary,,,Rear Buttons,,,Rear Rotor,,,Summary,,,,,,,,,,,,,,,
,Flange Offset (in),0.09375,,Minimum Inner Diameter (in),3.50,,Actual Outer Diameter (in),7,,Flange Offset (in),0.118110236,3,Minimum Inner Diameter (in),5.00,127,Actual Outer Diameter (in),8.125,,,,,,,,,,,,,,
,Button Diameter (in),0.5,,Pad Offset (in),0.69,,,,,Button Diameter (in),0.5,,Pad Offset (in),0.65,16.51,,,,,,,,,,,,,,,,
,Button Material,7075 Aluminum,,,,,,,,Button Material,7075 Aluminum,,,,,,,,,,,,,,,,,,,,
,Button Yield Strength (ksi),73,,,,,,,,Button Yield Strength (ksi),73,,,,,,,,,,,,,,,,,,,,
,Button Count,4,,,,,,,,Button Count,4,,,,,,,,,,,,,,,,,,,,
,Thickness of Rotor Carrier [in],0.196850394,,,,,,,,Thickness of Rotor Carrier [in],0.196850394,,,,,,,,,,,,,,,,,,,,
,Rotor Carrier Material [ksi],7075 Aluminum,,,,,,,,Rotor Carrier Material [ksi],7075 Aluminum,,,,,,,,,,,,,,,,,,,,
,Rotor Carrier Yield Strength [ksi],70,,,,,,,,Rotor Carrier Yield Strength [ksi],70,,,,,,,,,,,,,,,,,,,,
,,,,,,,,,,,,,,,,,,,,,,,,,,,,,,,
Calculations,,,,,,,,,,,,,,,,,,,,,,,,,,,,,,,
,,,,,,,,,,,,,,,,,,,,,,,,,,,,,,,
,,,,Min Rotor Dimensions,,,ER and Button Calcs,,,,,,Min Rotor Dimensions,,,ER and Button Calcs,,,Diff Bolt Torque Calcs,,,,,,,,,,,,
,,,,Minimum Outer Diameter (in),6.943405512,,Actual Effective Radius (in),2.811023622,,,,,Minimum Outer Diameter (in),8.336220472,214.74,Actual Effective Radius (in),3.4125,,Braking Force (lbf),297.2199904,,,,,,,,,,,
,,,,Minimum Effective Radius (in),2.782726378,,Braking Torque [lb-in],2202.761495,,,,,Minimum Effective Radius(in),3.518110236,89.36,Braking Torque [lb-in],1014.263217,,Static friction force coefficient (steel on steel),0.5,,,,,,,,,,,
,,,,,,,Radius to Brake Button [in],0.34,,,,,,,,Radius to Brake Button [in],0.33,,Nut factor (k),0.2,,,,,,,,,,,
,,,,,,,Button Cross Sectional Area [in2],0.196349541,,,,,,,,Button Cross Sectional Area [in2],0.196349541,,Bolt Diameter (in),0.236220472,,,,,,,,,,,
,,,,2.811023622,,,Resultant Shear Force [lbf],1598.575485,,,,,,,,Resultant Shear Force [lbf],780.2024747,,Required Preload for Slip-Critical (lbs),594.4399807,,,,,,,,,,,
,,,,,,,Button Shear Stress [ksi],8.141478092,,,,,,,,Button Shear Stress [ksi],3.973538575,,Torque for one bolt (in-lbs),28.08377862,,,,,,,,,,,
,,,,,,,Button Shear Stress FOS,8.96643081,,,,,,,,Button Shear Stress FOS,18.37153425,,M6 max torque (in-lbs),104.4,,,,,,,,,,,
,,,,,,,Minimum Number of Buttons,0.446108389,,,,,,,,Minimum Number of Buttons,0.217728141,,Required bolts to react braking torque in mount,0.269001711,,,,,,,,,,,
,,,,,,,Rotor Carrier Bearing Stress (ksi),16.24152693,,,,,,,,Rotor Carrier Bearing Stress (ksi),7.926857143,,,,,,,,,,,,,,
,,,,,,,Rotor Carrier Bearing Stress FOS,4.309939595,,,,,,,,Rotor Carrier Bearing Stress FOS,8.830738178,,126.88,,,,,,,,,,,,
,,,,,,,,,,,,,,,,,,,,,,,,,,,,,,,
,,,,,,,,,,,,,,,,,,,,,,,,,,,,,,,
,,,,,,,,,,,,,,,,,,,,,,,,,,,,,,,
,,,,,,,,,,,,,,,,,,,,,,,,,,,,,,,
,,,,,,,,,,,,,,,,,,,,,,,,,,,,,,,
,,,,,,,,,,,,,,,,,,,,,,,,,,,,,,,
,,,,,,,,,,,,,,,,,,,,,,,,,,,,,,,
,,,,,,,,,,,,,,,,,,,,,,,,,,,,,,,
,,,,,,,,,,,,,,,,,,,,,,,,,,,,,,,
,,,,,,,,,,,,,,,,,,,,,,,,,,,,,,,
,,,,,,,,,,,,,,,,,,,,,,,Red Circle,Rotor OD,,,,,,,
,,,,,,,,,,,,,,,,,,,,,,,Orange Circle,Effective Diameter,,,,,,,
,,,,,,,,,,,,,,,,,,,,,,,Purple Circle,OD minus 2x the Pad Offset,,,,,,,
,,,,,,,,,,,,,,,,,,,,,,,Outer Green Circle,Button Flange OD (overlaps with rotor surface),,,,,,,
,,,,,,,,,,,,,,,,,,,,,,,Inner Green Circle,Button Diameter,,,,,,,
,,,,,,,,,,,,,,,,,,,,,,,Blue Circle,Rotor ID Without Button Cutouts,,,,,,,
,,,,,,,,,,,,,,,,,,,,,,,Black Line,Rotor ID With Button Cutouts,,,,,,,
,,,,,,,,,,,,,,,,,,,,,,,,,,,,,,,
,,,,,,,,,,,,,,,,,,,,,,,Dimension A,Pad Offset,,,,,,,
,,,,,,,,,,,,,,,,,,,,,,,Dimension B,Flange Offset to Button Diameter,,,,,,,
,,,,,,,,,,,,,,,,,,,,,,,Dimension C,Button Diameter,,,,,,,
